Text,"sentiment (-1 for pro-palestine, 0 for natural, 1 for pro-israel)"
"You are a kind human who has bravely stood up for our rights in Gaza and all of Palestine. I wish you great success always. with love, from Gaza ğŸ‡µğŸ‡¸",-1
"Dear Bella Hadid, Please disassociate yourself with BDS brands like YSL, Dior and Chanel. These companies are complicit in murder of your people",-1
Aren't YSL complicits and they're contributing to the murder of Palestinians?,-1
?? What about boycotting??? Seriously,-1
"The Islamic Republic of Iran, by inciting Hamas, killed people in Gaza.",0
Beautiful humans support Palestine.,-1
From the river to the sea Palestine will be free ğŸ‡µğŸ‡¸ğŸ™ğŸ»,-1
From the river to the sea Palestine should be free ğŸ‡µğŸ‡¸ğŸ‡µğŸ‡¸ğŸ‡µğŸ‡¸ğŸ‡µğŸ‡¸ğŸ‡µğŸ‡¸â¤ï¸â¤ï¸,-1
All eyes on Rafah ğŸ’ª,-1
Free palestineğŸ‡µğŸ‡¸ğŸ‡µğŸ‡¸ forever even though trials keep coming my way,-1
From the river to the sea Palestine will be FREE INCHALAH ğŸ‡µğŸ‡¸ğŸ‡µğŸ‡¸,-1
Meanwhile Israeli hostages that were released have spoken about how Palestinians baked birthday cakes for them.,-1
@justmadiha where did you get your information from? Hamas?,1
What's happening in Palestine is so unfair,-1
Is Hamas producing these clips for CNN?,1
This is soo inhuman,0
Donâ€™t let Israel gaslight you into thinking this began on October 7th..,-1
Israel helped Gaza 2005!!! Your lies are no longer relevant...after 7.10 we just started to show you what Israel is!!!!,1
@kotayba_musleh I agree it became when the arabs came and tried to conquer a land they had no right too,1
@kotayba_musleh you're right... Gaza leadership has been launching rockets at Israeli civilians for decades by the thousands.,1
ğŸ’”ğŸ‡µğŸ‡¸ Israel investigating itself again ğŸ™„,-1
"And the hostages, how are they doing???",1
Where are the Hostages?????,1
How about the israel ğŸ‡®ğŸ‡± hostages??,1
Compare this to how Hamas has treated hostages,1
The most moral army in the world'.,-1
Kidnapping civilians and torturing them while being detained is called a war crime,1
And Israel dare to call themselves the most moral army in the world ğŸ˜’,-1
All our prayers are with you ğŸ‡µğŸ‡¸ğŸ’”,-1
This thing is so messed up. Future generations will read of this and wonder why the rest of the world looked on while these atrocities were happening.,-1
@olajideideas thanks for being their voice â¤ï¸#stopkillingtheinnocent,-1
@olajideideas nah. Theyâ€™ll read about October 7thğŸ˜‰ğŸ‘,1
The way the kids looks seeing their adults going through this is heart breaking. They dehumanized them to the core ğŸ˜¢,-1
Didn't Palestine elect Hamas into their government in 2006?,1
These dudes were openly calling for Genocide and now theyâ€™re mad theyâ€™re invited to take part in it. Nothing satisfies ğŸ˜¢,-1
Free Palestine ğŸ‡µğŸ‡¸ğŸ‡µğŸ‡¸ğŸ‡µğŸ‡¸ğŸ‡µğŸ‡¸ğŸ‡µğŸ‡¸ğŸ‡µğŸ‡¸ğŸ‰ğŸ‡µğŸ‡¸ğŸ‡µğŸ‡¸ğŸ‡µğŸ‡¸ğŸ‰ğŸ‡µğŸ‡¸ğŸ‡µğŸ‡¸ğŸ‰ğŸ‰ğŸ‰ğŸ‰ğŸ‰ğŸ‰ğŸ‰ğŸ‡µğŸ‡¸ğŸ‰ğŸ‡µğŸ‡¸ğŸ‰ğŸ‡µğŸ‡¸ğŸ‰ğŸ‡µğŸ‡¸,-1
Why arenâ€™t you posting anything about the civilians who are being slaughtered in Gaza,-1
Indians always stands with our Jewish brothers and sisters....,1
They can try as hard as they like but Zionism is not Judaism. Period.,-1
The only democracy in the The East lol,1
Israel. Is the only existing apartheid on this earth.,-1
Only democracy in the middle east they say... ğŸ¤”,-1
So real jews would need to fight with zionists?,0
Can't wait to see them eat each others ğŸ˜‚ğŸ˜‚..ğŸ˜‚ğŸ”»ğŸ”»ğŸ”»,-1
I STAND WITH ISRAEL FOREVER ğŸ‡®ğŸ‡±ğŸ‡®ğŸ‡±,1
"The curse of children and women in Gaza follows you to the grave, 75 years of occupationğŸ˜®ğŸ˜®ğŸ˜®",-1
"Ridiculous, Everyone has right to live peacefully. Destroy Netanyahu and regain the Peace in middle east.",0
"I Love how the world is obsessed with internal Israeli politics ğŸ˜‚ While in Syria, Yamen, Iran civilization woke up to another oppressive regime, Israel ğŸ‡®ğŸ‡± is the only democracy that shines light in the dark middle east",1
Most documented genocide ever,-1
Under Hamas control - of course at risk ..,1
This is a genocide!!!!,-1
"The occupation killed our childhood and our memories. We did not even live our youth. All our days were between wars. There was never a beautiful day in our lives. I lost my friends. I had many dreams, but the occupation stole everything. Each of us has a name and a dream. Do not forget us. We are not numbers.",-1
CNN didnâ€™t get the videos from the main markets full in gaza full with food? ğŸ§,1
The UN just posted a study that proves that there is not any hunger in Gaza,1
I can no longer hear about so much horror against Palestinians.,-1
"So there is no famine ?? I thought for the past several months, everyone has been starving in Gaza. This despite hundreds of aid trucks entering everyday and videos of Gazans posting to social media with tons of food. But @cnn - I get it, journalim is hard for you guys. Itâ€™s so easy to dunk their lies. Activism is easier.",1
This is what Zionism is,-1
Praying ğŸ™ğŸ¾ for he people of ğŸ‡µğŸ‡¸,-1
Stop reporting lies! The UN said there are sufficient evidence that there is more then needed aid crossing in to Gaza if Hamas wouldnâ€™t steal and kill its own people for food then there will be no famine!!!!,1
Crimes against humanity..Funded by the US.,-1
"Every single day since October 8, you guys have been saying that there was a famine and a hunger crisis. Can you report the actual correct thing? Maybe itâ€™s time to start blaming Hamas for putting the people of Gaza in the situation.",1
Can they just return all the hostages so this can end?,0
And yet markets are up and running in Gaza ğŸ˜‚ğŸ˜‚ğŸ˜‚,1
Well if HAMAS would stop stealing the aid being sent and then making the people buy it back.. maybe there wouldnâ€™t be a famine. Hamas is responsible for the destruction of Palestine and that is what the pro Palestine protestors have supported.,1
Stop this f**king bs!!!!! Stop spreading false information!! Hamas is stealing the aid. There is more than enough food in Gaza to feed x3 the population.,1
Explain to me how this isn't genocide,-1
Israel sends in aid daily. Daily!!! There a records of it with the UN. Daily for the last 8 months. Hamas takes the aid and hoards it or sells it. But you refuse to ensure people know this. You want to paint Israel with this evil brush. Itâ€™s such irresponsible reporting. And downright dangerous.,1
"Firstly, itâ€™s not a war. A war is fought between armies with tanks and armaments. Secondly, Israel is an occupier, it has a legal responsibility, under international law, towards the people it occupies.",0
"Gaza is not occupied, not for many years now",1
@colettegiaretta Israel does not occupy Gaza since 2005.,1
Finally. Itâ€™s ok to say both sides are wrong. The scale at which itâ€™s happening is another topic.,0
"Yes we know, but only one side is committing genocide",-1
"Funny, Israel defending itself isnâ€™t a war crime. Where are the hostages? Or is that not a war crime? The UN is discussing.",1
Am Israel Chai ğŸ‡®ğŸ‡± your lies can't change it,1
Bad reporting. You only stated the number killed by Hamas. What about the multiple tens of thousands killed by Israel?? Shame on you.,-1
Itâ€™s not a war. Itâ€™s an OCCUPATION vs RESISTANCE. I wish yall would call it what it is. GENOCIDE.,-1
"Ugh some more bullshit ğŸ™„ an apartheid was definitely worse as well as genocide. This is childish af, Israels soldiers have happily gathered all the evidence a tribunal would need ğŸ‘ŒğŸ¾ they love recording themselves committing war crimes",-1
"But, UN never condemn what Hamas did. Itâ€™s not fair.",-1
"October 7 was a crime. Kidnapping, graping and mutilating women.",1
"What do you call a militant group who kidnaps babies and elderly from their beds? ""Terrorists""",1
"If you are going to comment, get your facts straight first. Get your information from the history books, from credible unbiased sources not from tiktok and other social media sources used for propaganda. You will look like a brainless clown.....",1
I mean Israel has become a pariah state by committing genocide with impunity for the entire world to see so Iâ€™m sure Hamas considers that a strategic win,-1
No hope for Gaza until Hamas is gone.,0
Free Palestine from Hamas â¤ï¸â¤ï¸â¤ï¸,0
America is run by Israel. What an embarrassment,-1
Free Gaza from Hamas âœŒï¸ğŸ‡®ğŸ‡±â¤ï¸,1
Wake up WORLD. bring home our hostages. ğŸ‡®ğŸ‡±ğŸ‡®ğŸ‡±ğŸ—ï¸ğŸ—ï¸ğŸ™ğŸ½ğŸ™ğŸ½,1
Hamas has got to go ğŸ‡®ğŸ‡±ğŸ‡®ğŸ‡±ğŸ‡®ğŸ‡±ğŸ‡®ğŸ‡±ğŸ‡®ğŸ‡±ğŸ‡®ğŸ‡±ğŸ‡®ğŸ‡±ğŸ‡®ğŸ‡±,1
Hmas has put out dozens of statements over 8 months and youâ€™ve NEVER reported them but you report this â€œleaked statementâ€?? Sure lol,-1
"""RESISTANCE IS NOT TERRORISM "" PRESIDENT JIMMY CARTER",-1
Here is your proof to finally understand who is really protesting for the innocent people ğŸ‰,-1
You mean Zionist are attacking peaceful protestors and are not being hold accountable whatsoever because theyâ€™re white?,-1
If only you could label them for what actually are - anti-genocide protests and rightly so! âœŠğŸ¾âœŠğŸ¾âœŠğŸ¾ solidarity with them,-1
if only they knew more of what they were protesting,1
"Oh!! But they can confirm that 1200 people were killed in Israel?
CNN we know you are IDF media..
Shame",-1
Take off the masks and show your faces!!,0
*antisemitic protest,1
"I studied 1940s Germany. This is far worse.
1. Dehumanizing propaganda
2. Infants (in incubators), hospital patients, and children buried alive
3. Starvation
4. The native people's land and infrastructure destroyed
5. Mass executions/graves
6. Child and adult r@**
7. K!!!ing people trying to aid, aid workers, doctors, ambulance drivers, and the press
8. Lying to authorities about war crimes and ignoring the global communityâ€™s pleas to #ceasefire
9. Looting homes and stores on video
10. Domestic and wild animals killed
11. Millions terrorized, traumatized and driven into tents
12. Elderly, disabled, orphans, and pregnant women beaten and killed
13. Desecration of religious buildings and the deceased
14. Attacking nearby countries, unprovoked to create a wider conflict
15. Vital organs removed
16. Full documentation of #genocide on video #freepalestine",-1
@wonispotts stop spreading propaganda!!,1
"@jackson.petit if it was genocide Isreal wouldâ€™ve bombed them to extinction by oct 9. More bombs sent then people dead = not genocide. Genocide is the targeted total destruction. Clearly this isnâ€™t that. Again, does not make it right. But we need to start being factual and not emotional if we want this disaster to end.",1
@brod_e_ this is far worse than anything in modern historyâ€¦.the Zionazis take the prize when it comes to Geno cides,-1
"You want to boycott Israel? Donâ€™t use waze, USB, pillcams, intel computer chips, miscrosoft, 3G solar, cherry tomatoes and much much more!! ğŸ˜ğŸ‡®ğŸ‡±",1
"Not only is Israel destroying its own democracy, it is destroying our democracy as well. Freedom of speech and first amendment rights are a hallmark of American democracy! #freepalestineğŸ‡µğŸ‡¸ #stopthegenocideingazağŸ‡µğŸ‡¸",-1
Rise against GenocideâœŠ,-1
"KEEP PROTESTING, KEEP TALKING ABOUT PALESTINEğŸ‡µğŸ‡¸ğŸ‡µğŸ‡¸ğŸ‡µğŸ‡¸",-1
A bunch of kids who know nothing about the conflict or Middle East except what they just learned.,1
Say NO to terrorism! Go Israel!!!ğŸ‡®ğŸ‡± ğŸ‡®ğŸ‡±ğŸ‡®ğŸ‡±,1
Stop genocide Israel shame on you,-1
"United States at joe Bidens administration let many students come to Us, especially people who coming from middle east mostly believe in jihad and killing for their Islamic beliefs including for (alaqsal mosque).. while many christian and political refugees couldn't get Us visa due to USCIS wrong policies. Therefore ,slowly Us will realize impact of such admissions on its national security... @cnn , @camanpour",0
Lmao theyâ€™re protesting for people who have American hostages. Theyâ€™d turn you into farm food for their cattle lol,1
Seems like people like to hop on trends whatâ€™s good protesting here in America? Ainâ€™t nothing gonna happen here go to the Middle East and protest there you wouldnâ€™t even last a hour youâ€™re supporting people who hate you and wouldnâ€™t think twice about ending your life how about you protest the homeless/ mentally disabled veterans who get treated like shi who fought for your country how about you protest bidens disaster high gas prices sky rocketing inflation sending aid to other countries with our money and we have to pay a price for it America needs to get it together at this moment thousands and thousands of undocumented people are coming to our country and being taken care of while we struggle especially un ğŸ’‰ lol while they made you get it there are also military aged men flowing in throughout the country we live in a 3rd world right now itâ€™s sad to say,1
"Looks like Insurrectionists to me, itâ€™s not protests when they are getting violent. They are ANTI-SEMITICS!",1
Thank you for showing the truth. The brutality and antisemitism that came out in LA this weekend canâ€™t be tolerated.,1
This isnâ€™t a protests this is just hate on full display!!!,1
Stop saying â€œpro Palestineâ€ when they are just â€œanti Jew.â€ If they were pro Palestine theyâ€™d protest the way Hamas and the PLO have destroyed generations of Palestiniansâ€™ hope for a better future living in peace with the Jewish State.,1
Blocking a Synagogue and chasing Jews with bats in Los Angeles is all about â€œPalestineâ€ right?,1
Thank you for reporting on this accurately. ğŸ™ this was a progron not a protest. Itâ€™s terrorism on US soil and itâ€™s time we wake up,1
"They didnâ€™t just â€œblock accessâ€. They went on an assault and vandalism spree, and openly hunted for anyone with a Jewish appearance prior to people rushing to defense. There is zero moral equivalence here in movement or behavior. This was a not a â€œclash.â€ There are no â€œsidesâ€ here, and this isnâ€™t football, this is an antisemitic mob that for some reason people are giving an alarming amount of behavioral rope to.",1
Blocking entrance to a place of worship? This is really a new low.,1
Stop the anti-Semitism!!! ğŸ‡ºğŸ‡¸ğŸ‡®ğŸ‡±,1
This is how the ğŸ‡ºğŸ‡¸ supports terror by tolerating such events. This is not freedom of speech! This is anti-Semitism!!! ğŸ¤¬ğŸ¤¬ğŸ¤¬ğŸ¤¬,1
Thank you for bringing attention to antisemitism.,1
Just say it- antisemitism. It's truly heartbreaking.,1
Absolutely horrible that something like this can take place in ğŸ‡ºğŸ‡¸ and people can't condemn it!!! It's giving Germany 1930'sğŸ˜¥,1
"This was not a â€œprotestâ€ or a â€œclashâ€ it was a pogrom. Just example 1,000,000 of how anti-Zionism is in fact, anti-semitism. For the record, this is exactly what happened in Europe in the years leading up to the Holocaust, so no, your Jewish friends and neighbors are not overreacting.",1
"Attacking our places of worship will not bring peace, but makes the USA a place where Jews feel unsafe.",1
This is horrific! Stop antisemitism!,1
Yeah I think those protesters forfeited their American values when they decided to use antisemitism to help Palestine,1
Thank you for calling out the antisemitism and terrorism on American soil. Thank you WSJ for accurately reporting the hate fueled attack on Jews that this pro Hamas rally was.,1
Thank you WSJ for taking the time to accurately report the abhorrent antisemitism the Jewish community is experiencing now.,1
Donâ€™t vote Hamas maybe your future will be better,1
and who slammed that door shut again on Oct 7th?,1
I wonder what kfir and Ariel Bibas think of their childhood? Not even one and taken hostage ğŸ‡®ğŸ‡±ğŸ‡®ğŸ‡±ğŸ‡®ğŸ‡±ğŸ‡®ğŸ‡±ğŸ‡®ğŸ‡±ğŸ‡®ğŸ‡±ğŸ‡®ğŸ‡±ğŸ‡®ğŸ‡±ğŸ‡®ğŸ‡±ğŸ‡®ğŸ‡±,1
Blame h@mas,1
Why is there no mention of Hamas in the graphics or social copy here? Thatâ€™s the reason there will never be coexistence with Israelisâ€¦ because of Hamas.,1
No mention of Hamas? ğŸ§,1
"I donâ€™t get it. Palestinians overwhelmingly support Hamas, who decided to start a war. Donâ€™t blame Israel now that they are defending themselves and fighting to get back the hostages",1
"Perhaps instead of demonizing Israel (which is giving the most care and aid to the Gazans out of any neighbor in the region), the WSJ should think about showing the Western audience who is chiefly responsible for this suffering. Perhaps living under the governance of a terror organization, no matter how dependent on it the people may be, is a recipe for oppression and warfare?",1
She can thank Hamas for that,1
Dont vote for Hamas?,1
Shame on the wsj for publishing this one sided and hateful article. Am Yisrael chai ğŸ‡®ğŸ‡±,1
Hamas ruined her life,1
I know for a fact Iâ€™ll never see my friends again- they were brutally murdered on October 7th.,1
"For everyone blaming this young lady and trying to mention hamas in each comment , go educate yourself about the conflict that has been there for 75 years , Palestinians in west bank also have same coexistence crisis although there is no hamas in west bank",-1
Maybe if Oct 7th didnâ€™t happen theyâ€™d be better off? Just a thought,1
Gen Zs should be angry with Hamas for denying them a future.,1
Dare to demand responsibility from Hamas who caused this situation and stole foreign aid from Gazan people. No other nation received so much aid than the Palestinians. You cannot blame Israel and Jews for their failiures!,1
She can blame hamas and Iran for that,1
"Only Muslim are victims of violence, but Hindus being killed by Muslims in Kashmir and Jews on Oct 7 are not victims who deserve media coverage.",1
So much hate & dehumanisation of Palestinians in the comments. We can guess who reads wsj.,-1
Lol why is this comment section o much prozionist lol hhhhhh,-1
"And you are raised to hate the only 2 nations that do try to help ğŸ‡ºğŸ‡¸ğŸ‡®ğŸ‡± if not you would be starving, blame your leaders",1
"Palestinians have been massacred, occupied, oppressed and ethnically cleansed for 75 years. Why? Because they didnâ€™t hand their lands over to Jewish immigrants from Europe. Thatâ€™s it. Thatâ€™s what it comes down to. No matter how you spin it, that is the ultimate truth no one can deny",-1
Shame on you WSJ. Not surprising though. Maybe they should invest in a future that does not include murdering their neighbors!!!! 70 years of waste. Am Israel Chai. ğŸ‡®ğŸ‡± ğŸ‡®ğŸ‡± ğŸ‡®ğŸ‡±,1
"Hope? They had hope, alright. They hoped to murder their neighbours and destroy a nation. They keep losing every war they start and then complain theyâ€™ve â€™lost all hopeâ€™. Maybe they should change what they hope for.",1
Goodness me. Iâ€™m guessing this is Israels fault too? ğŸ¤·ğŸ»â€â™€ï¸,1
Must be Israelâ€™s fault,1
Don't forget to blame the Hebrews ğŸ˜‚ğŸ¥²,1
I am surprised Jews aren't being blamed for the extreme heat yet but members of extreme left Pale-cult are already linking Zionism to eco-supremacy so it is just around the corner,1
This will end up Israelâ€™s fault too,1
Are jews responsible??,1
"Not even a kilo from his weight lost, he looks healthy and good, neither look at released prisoners from idf jails.",-1
@huma.nkindness being kidnapped sounds amazing!!! The cake is the cherry on top!! Imagine you hate Jews so much you glamorize their kidnapping.,1
"Israel hostages look healthy & well fed but if Palestinian prisoners were released. They look starved, a sign of torture and many more",-1
@immamonsta.inc and that justifies the peaceful and friendly kidnapping. Iâ€™m sure their mental state is wonderful too. The prisoners you have mentioned are terrorists not civiliansâ€¦ so donâ€™t make a full of yourself by comparing the two.,1
"@immamonsta.inc sinwar looks just fine! He was a Palestinian prisoner (convicted of killing 4 Palestinians ğŸ˜±) and while in prison, he complained of headaches, so an Israeli doctor found that he had a terminal brain tumor, operated on him, saved his life, then he was released in a prisoner exchange for one IDF soldier taken hostage .. his release led to Oct 7th. Israel always chooses life.. even operating on a monster instead of letting him suffer from his condition and die . Try again. !",1
"@agattini the majority of prisoners Israel have taken are under 16. Children charged with the crime of throwing rocks at tanks. Some of these children have been released after years, they show signs of extreme starvation and torture. These are the facts, no opinion nor narrative.",-1
Well these Hostages look well treated compared to the Palestinian Hostages Israel holds..,-1
"Thatâ€™s insane! These 4 people newsworthy right? More than 200 people were killed meanwhile as you mentioned but they have no names, they are just numbers!",-1
Rescue mission with over 200 civilians as collateral damage. ğŸ™„,-1
"They look look well and like they were taken care of, unlike those images and videos of dead Palestinian babies with their body parts hanging out that will haunt me forever. Iâ€™m glad they are free but one persons life is not greater than anothers. The way this was done will go down in history as genocide.",-1
He looks healthy and well taken care of. Unlike those poor Palestinian civilians,-1
And how many did IDF killed?,-1
Kills hundreds to save 4. Sounds like something Homelander would do.,-1
Why were innocent Palestinian civilians trying to stop the IDF soldiers that were there to rescue 4 civilian hostages? Why were they captivating these hostages in their homes to begin with?,1
IsraÃ«l is doing everything to save their people! Congrats rescuing these 4 people ğŸ’™ğŸ’™ğŸ’™,1
Well done! Hamas must become a distant memory,1
Badass. Thank you IDF.,1
IDF soldiers are heroes. God bless IDF and ISRAEL,1
"Does the video show the 3 other hostages killed in the ""successful operation""? And the ""assistance"" trojan trucks? 8 months of open violence and murder and this the ""achievement""? ğŸ˜‚",-1
A dark day for humankind where people kill 270 people instead of trying to aim for a ceasefire.,-1
Itâ€™s funny that they sometimes refer to Hamas as â€œPALESTINIAN HEALTH OFFICIALSâ€,1
"Rafah massacre is a mistake, targeting of the World Central Kitchen staff was a mistake, the flower massacre was a mistake, Hamas main operation base under Al Shifa hospital was a mistake, targeting of the Orthodox Church was a mistake, killing of over 100 journalists was a mistake, killing of 15,000 students was a mistake. What other mistakes does Israel have planned? When do we ever get to see any of the investigations you claim are undergoing?",-1
The comments on here = ignorance. ğŸ˜® 8 months of gen0cide and people are still making snarky comments.,-1
I just don't see this kids flying to Palestine and fight for their freedom. Maybe support a local cause?,1
Supporting terrorism is NOT free speech!,1
Have these protestors not seen the tragedies that occurred on October 7th? Do they not realize there are still over 100 hostages held by Hamas? I really donâ€™t understand the logic,1
I find it funny how people think rioting on college campuses will cause peace in nations on the other side of the world.,1
ğŸ˜‘ our best and brightest don't even know what they're fighting for,1
There must be protests in free Palestine from Hamas rightğŸ˜‚ do they realize Hamas would kill most of them for being educated or dress a certain way or played certain music? I think they need to learn more about Hamas.,1
The self-importance of these Ivy League people is off the charts.,0
"I wonder how many of the protesters paid their own, not their parentsâ€™ money for the education",0
â€œFrom the river to the seaâ€ isnt and should never be considered free speech - itâ€™s calling for the wiping out of an entire country and people,1
Spoiled kids.,0
"So everyone in this comment section supports sending billions to Israel to continue killing women, children, and babies?",-1
Fuck this. What a bummer for the hard-working people who actually wanted to enjoy their ceremony.,0
Stop funding wars with our taxes. I donâ€™t give a shit whoâ€™s right or wrong.,0
"It's spelled ""antisemitism""
You're welcome",1
Jerry is incredible. What an incredible speech by an amazing human. Itâ€™s unfortunate antisemitism is so normal. This would not happen to any other group. It doesnâ€™t happen to any other minority. Only the Jews. The longest hatred of all time,1
Imagine doing this with someone for being a muslim or for being blackâ€¦,1
"Pure antisemitism.
What else?",1
Modern Antisemitism,1
Seems pretty antisemitic to me. Why donâ€™t these dopes go to Palestine and see how free to protest they are.,1
Thereâ€™s literally nothing funny about him tbh. Always hated this guy. Heâ€™s just not funny,0
These college kids think Duke is dropping bombs?,0
Why did they walk out? Because he is Jewish? Are they openly admitting their antisemitism then?,1
Send them over to help the people they are protesting for. They might feel better,1
Crazy to think that Met Gala is more important than humanity & humans live,-1
You published an editorial calling for Israel to invade Rafah? Your board is collectively calling for genocide and saying it out loud? Sick ğŸ¤®,-1
"lots of genocidal zios in the chat, shame on u fr",-1
Does â€œkeeping students safeâ€ entail not allowing Jewish students to access the library or other parts of the campus? Beating Jewish girls? Just wondering?,1
"These universities are for education, not for riots!! Israel Palestinian issues should be far away from educational institutions. They are really damaging America!! This shouldnâ€™t be allowed at any costs. Education and Art is one place where religion and politics donâ€™t belong. Everyone needs to get along no matter what. Itâ€™s really a shame!!",0
"This is such a disgusting caption - itâ€™s clear from the video that it was the Zionists who wrecked violence on protesters at UCLA. No sane group of people orchestrates such violence & with such impunity - carrying out a full-blown assault using fireworks/explosives. Yâ€™all should be ashamed at your poor journalism, offering no clarity on what happening and only seeking to confuse",-1
Why are they silent about genocide of Uyghurs by China?????,0
"Itâ€™s incredible how the genocide of 34,000+ Palestinian people is never mentioned in this inane article.",-1
Why are they allowing Hamas to shut down the school?,1
"Iâ€™m just thinking about that hippie concert in the desert that got shot up on October 7, just wondering what would have happened to these kids had they attended that concert. I guess Hamas gangs would have let them be because they wanted a free Palestine.",1
This situation is becoming unmanageable. It is important to keep political matters out of educational institutions.,0
"These comments are terrifying. There are Jewish voices there too. Many people do not support Netanyahu, even his own people, while they condemn the attacks on Israel. But this war is a genocide in the making. That is the problemâ€¦ where are people critical thinking skills and where is the empathy for human lives. Including the pain of these students. We cannot silence voices.",1
Israel will pay for everything they are doing.,-1
I am pleasantly surprised on WSJ reporting this and wording it the way it needs to be. Finally. ğŸ‰,-1
"Donâ€™t get so naive, Israel is performing an ethnic cleaning and using Oct 7 as an excuse",-1
God bless Israel,1
"There are two versions of the event: one from Israel and one from Hamas-run ministry. For some reasons, major media always choose to pick the one from Hamas. So credible source indeed.",1
You ğŸ‡µğŸ‡¸ did this and you celebrated this on October 7. Now your whole life is destroyed. Zero sympathy for you!,1
"I donâ€™t condemn Hamas, Russia, China, Ansar Allah or the IRGC.",-1
F*ck Israel & Ukraine,-1
"âœ… Israel, Ukraine & Taiwan all have three things in common:

âŒ Theyâ€™re all led by terrorists
âŒ Theyâ€™re American proxies
âŒ Theyâ€™re not legitimate â€œstatesâ€",-1
"Iâ€™ve been very clear for years nowâ€¦

Iâ€™m not voting for GENOCIDE JOE.
Iâ€™m not voting for ZION DON.

If someone opposes the GENOCIDE & wants to seek peace with Russia, Iâ€™ll consider voting for them!",-1
"I STAND WITH HEZBOLLAH, F*CK ISRAEL!",-1
GERMANY stands with PALESTINE!,-1
ğŸ˜‚ Zionist bitch,-1
"ISRAEL is bombing Rafah again, right now!",-1
Israel is beheading babies againâ€¦,-1
This are the demonic â€œIsraeli womenâ€ we are supposed to believe and feel sorry for ( though non of them actually claimed rape). Here they are mocking starving  children in Gaza.,-1
Israel must release ALL Palestinian hostages including babies.,-1
45% of houses in Gaza destroyed.,0
BREAKINGâš ï¸ Israel announced its going to steal more Palestinian land than ever before.,-1
Israel is ethnically cleansing Palestinians from Khan Yunis.,-1
Only demons from hell could do what they did to #Gaza.,-1
"According to chatGPT Jewish people, not Muslims brought terrorism to the Middle East",-1
"â€œThe only thing necessary for the triumph of evil is for good men to do nothing,â€",0
Never forgive. Never forget.,0
"18 people took shelter in an ambulance after Hamas attacked the Nova Festival. This was their last recording. 

Hamas fired an RPG at the ambulance murdering everyone inside.

The photo shows the charred remains of the ambulance. 

Never forget how this war began.",1
"Another hostage was murdered by Hamas!
The family of Itzik Algert received the terrible news that he was murdered while in captivity.

Itzik was kidnapped alive. He was seen in Khan Younis by a released hostage.
We also know he was moved to Rafah in January.

May God avenge him!",1
itâ€™s free palestine forever. they are not free. they deserve their freedom.,-1
PALESTINE WILL BE FREE ğŸ‡µğŸ‡¸,-1
Palestine WILL WIN! ğŸ‡µğŸ‡¸,-1
"Being a Zionist is such a vibe ğŸ˜ 

Gaza could be this nice too if they didnâ€™t elect a genocidal terrorist group to lead them and then have their civilians kidnap hostages.",1
zionists are always getting cooked by community notes,-1
Zionist has a nervous breakdown on live television and chokes on his own spit twice trying to justify genocide and spew propaganda,-1
"Wow. She left me speechless ğŸ¤›
No longer able to stomach Zionists bullshit .. way to go girl ",-1
"Iâ€™d say supporting Palestine has lost me business opportunities, but Iâ€™m more angry at myself for not checking whether or not I was entering into business with Zionists. My bad.",-1
"Israel has a fascist, terrorist army. ",-1
I truly donâ€™t care what you think of Netanyahu. He is the elected prime minister of the Jewish state and what he said here is historically important. Put aside politics and listen carefully. We are at a pivotal moment in history.,0
Can you imagine the pain of the children?,0
"Footage from October 7th shows how Hamas treated the children, Israel will always lie about it.",-1
"US Congress must impose sanctions against both Turkey and Qatar, where the leaders of Hamas are hiding!",1
BRING THE HOSTAGES BACK HOME!,1
"All we can do is not stop talking about them, this will put pressure on Western leaders to act for their release.
Bring them all home now.",1
The attack on Israel and the Jews is just the first canary in the coal mine. ,1
Mark my words. It always starts with the Jews and ends bad for everyone.,1
"It was never about Palestine.

Hamas = ISIS = Al Qaeda = Houthis and all of the Islamic fundamentalism is a threat on liberal western democracies.",1
"The huge wildfire in northern Israel hasn't stopped since Hezbollah fired over 200 rockets earlier today.

Not a single word from the corrupted United Nations ğŸ‡ºğŸ‡³ about this.",1
Anti-Zionism is antisemitism.,1
"if the problem is always Israel and Zionism, why are Jews around the world in danger?",1
"Oh, so it wasn't an open air prison nor a concentration camp. Glad you admit the Palestinians lied all along.",1
"This proves that ""Palestine"" was officially known as ""Land of Israel"" in 1927. ",1
"Pro-Palestinian protest in London. 

How does that free Palestine? 
Why are these protests always so violent?",1
I stand with the IDF.,1
"So, here's ağŸ§µ of the IDF using dogs systematically to maul Gazans",-1
"the IDF protects civilians, while Hamas uses civilians to shield itself.",1
God bless the IDFğŸ‡®ğŸ‡±â¤ï¸,1
Praying for Palestine May Allah give strength and have mercy on Palestinians.,-1
Palestinian fighters returning to Gaza with a Israeli IDF vehicle Palestinians are brave nation they knows how to fight for their land the whole Muslim ummah is with the Palestinians brothers and sisters.,-1
This baby was burned alive by Hamas. Heâ€™s still clutching his teddy bear. ,1
"Israeli soldiers violently assault and detain an old Palestinian man, Sheikh Ziyad Abu Halil, in Hebron.

There is no Hamas or Hostages in Hebron.

This is how Palestinians have been treated for years under Israels Apartheid regime.

This is why its Ethnic Cleansing.",-1
"Hamas supporters assaulted elderly Jews in a library in Asheville, North Carolina.",1
Two brave young women proudly holding the Israeli flag in front of a masked mob of Hamas supporters.,1
"A young woman
Perfectly clean clothes 
Plump face
Perfect makeup
Complains about how ""everyone is starving in north Gaza""",1
Hamas is Isis,1
Take that Palestinian flag and shove it up your a**!,1
Antisemitism is a disgusting ideology that has resulted in the deaths of many millions.,1
Jewish Americans protest outside a cafe in West Hollywood after the owner REFUSED to serve a Jewish customer and threw him out because he was wearing a Kippah.,1
Pro Hamas supporters yelling antisemitic slurs at Jewish children in Vancouver during a baseball game.   Jews are not safe in Canada.,1
Dirty kyke,-1
The war needs to stop,0
Just have peace...,0
"Dear God: cars festooned with Palestinian flags are going through heavily Jewish neighborhoods of London with loudspeakers blaring, ""F*ck the Jews. Rape their daughters.""

Tell me more about how anti-Zionism isn't antisemitic.",1
end to the occupation of Palestine.,-1
Israel has announced the largest seizure of Palestinian land in the West Bank in over three decades.,-1
"Itâ€™s not complicated, RELEASE THE HOSTAGES!",1
SioNazi,-1
"It's not complicated, give Israel back to Palestine you land invaders",-1
So simple. Ask Hamas to surrender and end the bloodshed.,1
From the river to the sea free free Palestine,-1
Hamas are fighting to free Palestine  Israel is fighting to keep what they stole,-1
"Disgusting post. Stop denying the torture and rape of Israeli women. Better yet, just stop.",1
there was â€œno evidenceâ€ that Hamas terrorists raped Israeli women on October 7,-1
"Yes, it is true that no peaceful person should be killed, no matter who he is. But you must also ask your terrorist friends, Hamas, to stop killing innocent Jews and stop using civilians in Gaza as human shields. Thank you.",1
So Simple get the hell of Palestine.,-1
"How dare you pollute a beautiful piece such as â€œus and themâ€ with your anti-Semitism, your denial of the massacre, the rape, the kidnapping of the 7th of October. You are hopeless, you only believe you are a good person, you are a full of hate!!! You are tarnishing the Pink Floyd's legacy. Bring tears to my eyes.",1
The rape of Jewish women by Hamas was a world disgrace. Your denial of it is disgusting. You are a miserable old man.,1
"hardly, you just showed yourself to be a Jew hating and antisemitic bigot.",1
"This doesn't work anymore, being antisemitic isn't a problem anymore, most people now are secretly/openly hyper antisemitic, and that's for obvious reasons of course. Now go cry in the corner",-1
Itâ€™s not complicated. Stop killing our brothers and sisters in #Palestine. Stop the genocide.,-1
Any proff of that? Because all I saw was Israeli hostages realizing how fascist their country is. Most of hostages injured or killed by IDF,-1
"â€œThe Jews are out to get me,â€ said West. â€œThe Jews are stealing all my money.â€",-1
The major takeaway from this is that you hate Jews and don't think Ukrainians deserve their freedom.,1
"Palestinians celebrated on their streets as 1,200 Israelis were murdered, and hundreds kidnapped. Now their cities are reduced to rubble. They brought it on themselves.",1
â€˜Palestineâ€™ doesnâ€™t exist. There is no genocide. Long live Israel.,1
"Judith Butler describing the October 7 massacre as armed resistance: â€œWe can have different views about Hamas as a political party, we can have different views about armed resistance. But [...] the uprising of October 7th was an act of armed resistance.[...] This was an uprisingâ€",-1
"Waters claimed the war in Gaza is the most important issue impacting the world, calling for Israel to apologize â€œto the whole human race.â€",-1
"â€œWe must absolutely not be afraid to support Palestinian resistance. Because sure, boycott is great, but the invaders will have to pay for their crimes!â€",-1
"My organization was in Israel treating trauma for the survivors of the atrocities that Roger Waters denies. The aunt of Kfir Bibas, a head occupational therapist, at the Negev hospital where we were working took leave due to her unbearable grief knowing her brother, sister-in-law, and her two nephews were kidnapped by Hamas.",1
ğŸ‡®ğŸ‡± Join us in the battle against jihadist Muslim invaders who have committed unspeakable atrocities. ,1
It's crucial to raise awareness about the October 7 massacre and support efforts to bring justice for the victims,1
"Itâ€™s not complicated, end the occupation!",-1
A reminder to everyone that these armed Hamas Muslim Brotherhood savages on October 7 were dressed as civilians.,1
"Gaza City has fallen.
It is over.

Exactly 3 month after October 7.",1
Happy October 7 to Everyone!,-1
There are no hostages. The war is about real estate and getting the â€œriff-raffâ€ out #peace,-1
"Hamas terrorist threw a grenade into a place where an innocent woman was hiding, injured her, dragged her outside, shot her in the head, and proceed smash her head open.",1
"â€œHitler was great,â€ West allegedly said. â€œHitler was an innovator! He invented so many things. Heâ€™s the reason we have cars.â€",-1
The leaders of the anti-Israel protest camp at Australian National University just explicitly endorsed Hamas on ABC Radio. ,1
Yeah you should see what's happened to doctors in gaza..... which you deny is happening,-1
Beatrice Tucker: â€œHamas deserves our unconditional support â€¦ I will not condemn what Hamas did on October 7.â€,-1
Zionazi,-1
â€œI have seen no traces of anti-Semitism at our protest camp â€¦ I will not condemn October 7.â€,-1
"â€œHitler was a good person,â€ He continued, according to the suit. â€œJewish people are bad, and they run America. And Chinese people run them.â€",-1
"You know they throw she-males off buildings in Gaza, right?",0
"ğŸš¨ In Beverly Hills, California, right now: a flag for every victim of the genocidal attack by Hamas on Israel on October 7.",1
"Israel refused to participate in an independent UN investigation on sexual assault on Oct 7, and refused to introduce the UN's Pramila Patten to any survivors. The UN investigation found no evidence to support Israel's allegations.",-1
Israel is now so desperate for rape propaganda it is torturing Palestinian prisoners into confessing to sexual assaults they clearly never committed,-1
"The new Member of Parliament for Rochdale with the head of Hamas who recently said â€˜""We should hold on to the victory that took place on October 7 and build upon it.â€",-1
"â€œWe have to control the history books, we have to control the banks and we have to go and kill people,â€ West said while doing an impression of Netanyahu and holding a net meant to represent the former premier.",-1
Fuck IsrÃ¦l,-1
"The 'Army Of Jerusalem' Will Not Liberate Palestinian Land Only; The 512 Million Square Kilometers Of Planet Earth Will Come Under A System With No Zionism, No Treacherous Christianity",-1
"The NY Times sent a stringer, Anat Schwartz, to every rape crisis center in Israel to find sexual assault survivors, and she turned up nothing (she was later fired after the Times' article alleging ""systemic sexual assault"" on Oct 7 was debunked from top to bottom)",-1
These protests are part of a wider global objective than just the Gaza issue.  Ask what is the ulterior purpose?,1
" â€œEvery human being has value that they brought to the table, especially Hitler.â€",-1
"Over the last 111 days, since October 7, IsrÃ¦l has consistently denied targeting civilians. Well, in this video, I am going to show you that in the history of its occupation, not only does IsrÃ¦l actively target civilians, but they specifically target children. ",-1
"â€œThe Zionist Jews are out to get me. They are a part of human sex trafficking,â€ West allegedly said. â€œThe Jews are working with Adidas to freeze up my money to try and make me broke! The Jews canâ€™t stop me. Adidas canâ€™t stop me. I will be the richest person in the world.â€",-1
"We all have been collectively forced to observe the core of unmitigated and unbounded state terrorism carried out by IsrÃ¦l, shielded by the sponsorship of the wide majority of the Global North, their governments, and their media. The institutionalized IsrÃ¦li policies that involve the actions of killing, maiming, abducting, abusing, jailing, and r@p!ng children has yet to be brought to the forefront of Western consciousness. ",-1
Secret MI5 Files discover Zionist plot to kill Churchil,-1
"â€œI see good things about Hitler,â€ he, told Jones during the bizarre appearance on the Infowars Network, alongside Holocaust denier Nick Fuentes.",-1
The Zionists are holding a country hostage for 76 years,-1
"â€œI am on some complete Hitler-level stuff minus the gas chambers,â€ he allegedly wrote. â€œIn Jesus name.â€",-1
One of the most horrifying videos from October 7. A terrified and bloodied Naama Levy is pulled by her hair from back of a jeep as crowds of Gazans celebrate and jeer.,1
Stop IsrÃ¦l!,-1
"â€œI like Hitler,â€ he added later, and called himself a Nazi.",-1
"October 7.

Never forget.",1
I prefer my kids knew Hannukah from Kwanzaa. At least it will come with some financial engineering,-1
Zero Israeli women have testified to being sexually assaulted on October 7,-1
Realese the Hostages! ğŸ—ï¸ğŸ—ï¸ğŸ—ï¸,1
"â€œThey did good things too,â€ West said. â€œWeâ€™ve got to stop dissing the Nazis all the time.â€",-1
Hamas fighters saw a young disabled Jewish woman in a wheelchair at the Nova music festival on October 7. In the name of â€œliberating Palestineâ€ they executed her and her father in cold blood - an innocent woman with muscular dystrophy who could not hurt a fly.,1
"Before the October 7, 2023, escalation, Palestinians in Gaza and the West Bank faced significant hardships and violations. The situation in Gaza was dire, largely due to the blockade imposed by Israel and Egypt since 2007. This blockade severely restricted the movement of people and goods, leading to a collapse of the economy, chronic shortages of essential supplies, and a humanitarian crisis.",-1
#DissolveIsrael,-1
"I just think thatâ€™s what theyâ€™re [jewish people] about, is making money,",-1
How is it that nothing before October 7 justifies October 7... yet everything after October 7 is justified because of October 7?,-1
"Long live Hamas, we have gratitude for October 7. All Zionists are terrorists.",-1
When Zionist propaganda doesnt work anymore,-1
"Watch: video documentation of the October 7 massacre, as filmed by the terrorists themselves.",0
"The UN investigation ""has not been able to independently verify"" Israel's allegations of Oct. 7th sexual violence, ""due to a lack of access to victims, witnesses and crime sites and the obstruction of its investigations by the Israeli authorities."" Meanwhile, it ""found some specific allegations to be false, inaccurate or contradictory with other evidence or statements.",-1
Unsurprisingly â€˜human rightsâ€™ campaigner Roger Waters calls the reality of Hamas raping Israelis on October 7 a â€œfilthy lieâ€. Then he goes on to bizarrely reason with himself to calm down. Absolutely mad. Despicable. And dangerous.,1
"This is why Israel refused to cooperation with this probe: the Israelis knew that, unlike US establishment media and other dupes, the UN probe would be looking at the actual evidence.",-1
"If it was my sister or cousins and they supported the state of Israel, ""You deserve it."" Is what I would say.",-1
"On October 7, 2023, Hamas terrorists invaded Israel from the Gaza Strip and massacred hundreds of civilians and committed unspeakable atrocities",1
"THEY TOOK HER. October 7, 2023. Letâ€™s not forget how this all started. Thousands of innocent people were murdered. Hundreds were raped and kidnapped. One of them is a 19 year old girl named Naama Levy. Imagine if this was your daughter, sister, cousin, granddaughter? Would you do everything and anything possible to BRING HER HOME ? We went out in public to share her story. We met so many people who genuinely had no idea about what happened on the 7th and were shocked at what they heard and saw. Please donâ€™t stop sharing all the innocent hostages stories so the world doesnâ€™t forget. BRING THEM HOME",1
Why Israel's widely parroted claims of sexual violence by Hamas on Oct. 7th are not credible. A summary:,-1
Are you aware of whatâ€™s been happening before Oct 7 and since then ? This #GazaGenocideâ€Œ #IsraeliCriminalMassacres #IsraeliCrimes,-1
"Planned Parenthood was made by Margaret Sanger, a known eugenics, with the KKK to control the Jew population. When I say Jew, I mean the 12 lost tribes of Judah, the blood of Christ, who the people known as the race Black really are. This is who our people are",-1
"Demonstrating how israel uses Propaganda and lies to the point of forgetting their own lies. The video released today shows Naama Levyâ€™s bloody injured hands tied behind her back touching her butt. They today Debunked themselves when they released the video, they prove what everyone has been saying since the start, SHE WAS NEVER RAPED, itâ€™s blood stains from her injured wrists.",-1
Thank you for creating awareness where needed. ğŸ‡®ğŸ‡±,1
â€œthis brutal violent horrible terror attack is still ongoing because our young girls are still kept in the hands of this terror organizationâ€,1
"You meant , thank you for letting me cast my objective reality and spread the lies. Nuremberg 2.0 is on the way.",-1
israeli awareness = lying,-1
"Waters then credited several alternative news outlets for â€œdebunking all the filthy, disgusting lies that the Israelis told after October the 7th about burning babies and women being raped",-1
"Naama Levy is an israeli soldeir aka prisoner of war, the stains on her pants are from the blood on her hands dripping. Your victim game and crocodile tears are not working.",-1
"The New York Times featured a story about how the Israeli Occupation is using rape as weapon of war during their ongoing genocide on Gaza, burying the information at the very bottom of one of their articles as if these horrific crimes are some kind of footnote to go unmentioned in the headline or subheadline.",-1
"According to UN no one was raped, there is no evidence so why are you spreading propaganda?",-1
Free falestine! This is what it takes to make truth out of a lie! You are so desperate that your people are making art from something so false. You truly make me question the Holocaust.,-1
Iâ€™m a bit sleepy tonight but when I wake up Iâ€™m going death con 3 On JEWISH PEOPLE. The funny thing is I actually canâ€™t be Anti Semitic because black people are actually Jew also You guys have toyed with me and tried to black ball anyone whoever opposes your agenda,-1
"I am an Ex-Muslim.

I grew up learning to hate Jews.

Most Muslims grow up and learn to hate Jews.

No group hates another group as much as Muslims hate Jews.

This did not start on October 7, not in 1948, and not in 1920. This started 1,400 years ago.",1
"My disdain of these groups comes from my own interactions with nasty Hindus and nasty Zionists

Not my fault that your upbringing which didnâ€™t even teach you basic Arabic led you to have these [fond] beliefs against Jews as a people",-1
My favorite recent insight is that the source material in the Koran for the night miracle and the basis of Al Aqsa in Jerusalem are not only historically flawed (Jerusalem was conquered after the prophet died) but also conceptually not in the source text AT ALL. Look for yourself and know the truth.,1
"a Zionist fanatic at the Oxford Union angrily asks George Galloway if he is racist because of his opposition to the genocidal Israeli occupation, and is applauded by the audience.",-1
All the Zionists are racists. All the Zionists are terrorists. This should be a chart topper!,-1
Ugly Zionist Nazis,-1
dont forget what noah schnapp did and boycott this disgusting show full of zionists,-1
"I'm am removing ALL JEWS from my life. I don't give a shit if they're ""innocent"" or not, anymore. Their silence is violence.",-1
No more Jewish doctors or Jewish friends; I can't risk it.,-1
"If I want Jews out of power, then I first must remove them from my life and lead by example.",-1
The Jews silence is violence. Indeed.,-1
"ğŸ‡µğŸ‡¸ A restaurant in Hanoi, Vietnam refused to serve Israeli customers.

â€œMy shop doesn't accept people from your country.â€",-1
"A JĞµwish mĞ°fiĞ° runs our civilizĞ°tiĞ¾n, hĞ°ting our GĞ¾d and trĞ°ditions. They are not our Ğ°llies. The world is finally wĞ°king up to their truĞµ nĞ°ture.",-1
Why is it illegal to treat Jews like they treat us?,-1
"Sending so much love strength & fight to all of the Hostages.
Please please send them the strength and willingness to survive & fight.
Sending all their families love & the strength to fight & stay sane.",1
Praying for all the IDF soldiers for a safe return,1
"Meet Liel & Yannai Hetzroni, 12-year-old twins who lived in Kibbutz Be'eri. On October 7, after terrorists set fire to the house they were in, Liel texted a teacher to say she was suffocating to death. 

The house was burned to the ground. It took two weeks to identify the remains of Yanai through DNA and even longer to confirm Liel had been murdered because her body was reduced to ash.

When 
@rogerwaters
 tells you that children weren't murdered on October 7 - look into the eyes of these children and tell him to F*CK RIGHT OFF.",1
SHABBAT SHALOM âœ¡ï¸ğŸ‡®ğŸ‡±ğŸ—ï¸âœ¡ï¸ğŸ‡®ğŸ‡±ğŸ—ï¸,1
"Life. Liberty. The pursuit of freedom.

These are the aspirations and promise of every American citizen - including the 5 being held hostage in Gaza. Say their names. Bring them home.

ğŸ‡ºğŸ‡¸ Edan Alexander 
ğŸ‡ºğŸ‡¸ Sagui Dekel-Chen 
ğŸ‡ºğŸ‡¸ Hersh Goldberg-Polin
ğŸ‡ºğŸ‡¸ Omer Neutra 
ğŸ‡ºğŸ‡¸ Keith Siegel",1
"120 Hostages still can't celebrate their independence, BRING THEM HOME NOW ğŸ—ï¸",1
"When Israel retaliates against Hezbollah, if Iran does indeed get involved like it says it will, you will witness the real might of the IDF and the nature of the strong Israel America partnership. There will be very little left of Lebanon or Iran.  Mark my words. Gaza will seem like childâ€™s play.",1
"Alon Ohel, a free spirit and a talented musician with the biggest heart. Alon is all grown up now, but is still that same joyful child, loved by his friends and family.

This loving boy canâ€™t play his piano, canâ€™t hang out with his friends and canâ€™t hug his family, because he is being held hostage for 272 days.

The unbearable pain canâ€™t go on.
We cannot keep waiting. 
We need to sign a deal to bring Alon and all 120 hostages home. Now!

#BringThemHomeNow
#TurnTheHorrorIntoHope",1
"I wanna make sure â€œweâ€ get this narrative straight & clear in real time.
EVERYDAY literally EVERYDAY since 10/7 HEZBOLLAH has been attacking Israel with missiles & rockets causing fires,terror & evacuations in North Israel.100K people are displaced because of this.NARRATIVE time, when Israel destroys HEZBOLLAH in Lebanon donâ€™t say SHIT. These pics below are just some of  TODAYS attacks",1
"SHABBAT SHALOM!!!!
Sending so much love strength & fight to all of the Hostages.
Please please send them the strength and willingness to survive & fight.
Sending all their families love & the strength to fight & stay sane.
Praying for all the IDF soldiers for a safe return!
Somehow weâ€™re at 273 Days 
#bringthemhomenowğŸ—ï¸ğŸ’”",1
"Yes am Iraqi ğŸ‡®ğŸ‡¶ & Arab, but I want to remind everyone that Jews âœ¡ï¸ arenâ€™t going anywhere & #Israel ğŸ‡®ğŸ‡± is here to remain.
I am proudly standing with my Jewish cousins, & I hope that peace & prosperity will prevail upon the people of Israel ğŸ‡®ğŸ‡± with the defeat of H*amas ter*rorists.",1
"This 4th of July, they are not free. Eight Americans are still being held hostage by Hammas Terrorists in Gaza",1
BURY HAMAS & ALL PROXIES,1
You don't get to choose how the Palestinians resist,-1
Hezbollah has a right to defend itself.,-1
"Day 272: If you're celebrating the July 4th holiday with your friends and family, we want to remind you that Hersh's seat at his family table remains empty. Help bring him home. #Bring_Hersh_Home #BringThemAllHomeNOW",1
"despite the the lie of ""forced starvation"", the restaurants in Gaza are still full",1
"Response for an assassination 
You donâ€™t get it do you?
The days of Israel killing people without  a 
Response is over buddy.",-1
"(1) Add the IDF attack data

(2) IDF killed 400+ ğŸ‡±ğŸ‡§ vs 26 ğŸ‡®ğŸ‡± because of the sheer scale of IDF attacks

(3) This specific attack came in retaliation of the killing of a Hezbollah leader.

-Important info donâ€™t you think?",-1
"Hezbollah joined  Hamas after Israel responded to October 7 massacre. They are attacking Israel for 9 (!) Months daily. Over 100K Israelis are displaced & there is devastation in Northern Israel. So targetting senior Hezbolla members, is a small price. Lebanon is still intact.",1
"Weâ€™re waiting for you, all of you.
A deal is the only way to bring all the hostages home- the murdered for burial and the living for rehabilitation.

#BringThemHomeNow 
#TurnTheHorrorIntoHope",1
"â€œNot only my children but a lot of other children were murdered, burnt, tortured. This is not a fabrication. This is actually something that happenedâ€¦ I strongly condemn what he said in every single way possible...For Roger Waters to come out with these unsubstantiated lies is a complete ant other disgusted and an insult to all the murdered victims.â€",1
"Along with my dear friend Roger Waters, I stand in support of Andrew Feinstein, independent candidate for Holborn and St Pancras, in his fight for the children of Gaza, for the freedom of the people of Palestine, and for the soul of the human race... Against the genocide in Gaza... For love and Truth... Eric C",-1
"We #Jews arenâ€™t going anywhere my dear bigot. 

#AmYisraelChai btw ğŸ˜‰ğŸ‡®ğŸ‡±â¤ï¸ğŸ¤˜ğŸ»",1
"Do you care about the hostages? As a humanitarian I would expect from you to call for their release. Innocent civilians that were taken from their homes , kids , babies, the elderly. Where is your compassion? Call for the release of our people. Thanks .",1
The entire world stands with Palestine ğŸ™â¤ï¸ğŸ‡µğŸ‡¸,-1
We are all palestinians ğŸ™,-1
"Real Jewish people oppose the Western colonization of Palestine.

Palestinian Jews, Muslims, Christians have the right for self-determination. They have the right to be left alone.",-1
Without Hamas there wouldnâ€™t be any innocent Palestinians left alive. Like it or not Hamas is their last line of defense.,-1
There is no Â«PalestineÂ» and there will never be a Â«PalestineÂ».,1
"Welcome to the struggle. 

Long live Palestine  ğŸ‡µğŸ‡¸",-1
No such thing as palestine,1
Thank you â™¥ï¸ğŸ‡µğŸ‡¸ #IsraelisGenocidalState,-1
The entire world may stand with Palestine BUT when will the entire world decide to physically STOP Israel?,-1
"The only ""tears in heaven"" are shed by the innocent victims of the monstrous fiends you so fervently championâ€”beings whose only relentless pursuit is the complete annihilation of Israel and the cold-blooded genocide of Jewish lives worldwide.

Your failure to discern truth from the twisted fabric of alternate facts and falsified history casts a dark shadow over the sincerity of your own music. It's as if you've chosen to play a discordant tune in a symphony of lies.

At this point, youâ€™ve branded yourself with an indelible stainâ€”a mark of disgrace that will tarnish your legacy long after youâ€™ve departed from this world.",1
"Hi 
@EricClapto
, let's everyone stand with Palestine. 
Let's continue allowing child abuse, indoctrinating kids to become martyrs as the top achievement in their life.",1
There is no genocide in Gaza,1
"If it helps, here I am also supporting Gaza, and against any possible genocide",-1
"Rescued Israeli hostages were starved, beaten â€˜almost every dayâ€™ in Hamas captivity: â€˜Beyond comprehensionâ€™",1
"What genocidal haters will say, to coerce us into taking their side, is that if you're for the safety of innocent children, the freedom of oppressed people, and the soul of the human race, then you're pro-Hamas.",-1
Itâ€™s not a genocide. You stand with people who cheered the massacre of civilians on the streets of Gaza after 10-7. Own it. Being friends with Roger Waters only makes it worse.,1
Even UN says there's no famine in Gaza,1
"Before October 7, such children were treated in Israel, paid by Israeli taxpayer",1
"âš ï¸This is what Hamas did to Palestinian civilians who tried to get humanitarian aid from a warehouse in Gaza. 

They bound their hands. 

They bound their eyes. 

They flogged them in public. 

They beat them with sticks. 

All because they wanted some food. ",1
"Zionist' is just another name for a Jew.
Blatant antisemitism.

Anti Zionism is Antisemitism.

IT WAS NEVER ABOU PALESTINE.

#zionism
#Antisemitism",1
"Honestly, she deserved to be h@nged for hiding a Zionist in her house",1
"This is Ariel Bibas. 

He is just 4 years old. 

Ariel loves playing with toy tractors. 

His favourite superhero is Batman.  

He loves wearing costumes. 

But for 272 days Ariel hasnâ€™t been able to be a normal child. 

He has been held hostage in Gaza.

No child deserves this.",1
"Itâ€™s been almost 9 months since this little boy, Ariel Bibas, was kidnapped from his home. 

He is just 4 years old. 

Here are 9 things to know about Ariel: 

1ï¸âƒ£ ğŸ§‘ğŸ»â€ğŸ¦°His parents Yarden and Shiri gave him the nickname Chooky, the rest of the family call him Lulu.
 
2ï¸âƒ£ ğŸ¤°While Shiri was pregnant with him, his nickname was Hector. After he was born, he was known as â€œthe first Yemenite redheadâ€.
 
3ï¸âƒ£ ğŸšœAriel loves tractors and modes of transportation like his father. He likes to travel in them, clean them and fix them.
 
4ï¸âƒ£ğŸ¦‡Arielâ€™s favourite superhero is Batman. Shiri and Yarden encouraged this love as much as possible as can be seen in the well-known family photo of them all wearing Batman pyjamas.
 
5ï¸âƒ£ğŸŠHe loves to pick kumquat fruits with his grandmother whom he would call â€œNinniâ€.
 
6ï¸âƒ£ğŸ—Like his mother and father, he prefers eating meat to sweets,
 
7ï¸âƒ£ğŸ‘§ğŸ»His best friends are his cousin Toam and Oren from kindergarten. They are both waiting for him.
 
8ï¸âƒ£ğŸ§”ğŸ½â€â™‚ï¸He really misses his father, Yarden who would sit by his side until he fell asleep at night.

9ï¸âƒ£â™Œï¸Arielâ€™s star sign is Leo. His birthday is on 5th August, in less than a month. Ariel needs us because he canâ€™t mark his birthday in captivity.

Ariel Bibas has been helped captive for 272 days, almost 9 months. ",1
Keep telling us it's just anti Zionism and not antisemitism.,1
"Hamas, the chosen government of Gaza, kidnapped Ariel Bibas 272 days ago.",1
I want to make it crystal clear: I am with Israel wholly and completely. ,1
give Israel the weapons they need to win the war they canâ€™t afford to lose. ,1
"Who would you prefer as your leader: one who is willing to kill all their enemies to rescue you from being a hostage, or one who takes you and your kids as hostages to serve as human shields in a war?",1
FCKHAMAS,1
An Israeli gets to live like a Palestinian for 3 minutes and look how victimized he feels. Whats even funnier he is recording like this is western social media and hes gonna get the dude cancelled youâ€™re in Vietnam nobody cares lol,-1
I will always support giving Israel the weapons and the space they need to destroy Hamas so there is never another October 7. ,1
"What has been happening since OctobĞµr 7th is a delibĞµrĞ°te Ğ°ttĞµmpt to ĞµthnicĞ°lly clĞµĞ°nsĞµ the GĞ°za strip. IsrĞ°Ğµl is crĞµating a humĞ°nitĞ°rian nightmĞ°rĞµ, and more refugeĞµs will be sĞµnt to Europe and America.",-1
"What's happening in Gaza is beyond horrible.. 

It's so sad. They have been in my prayers since the day Israel started attacking. ğŸ™ğŸ»ğŸ“¿",-1
The Palestinians in Gaza are the most radicalized population on the planet who are taught to hate Jews from birth. It will take years to fix this problem. ,1
Legend! ğŸ™Œ free palestine!,-1
"When I hear â€œfrom the river to the sea,â€ it reminds me of â€œthe Final Solution.â€ The Hamas terrorists are the SS on steroids. ",1
"Once they start shouting this â€œbecause Iâ€™m Jewishâ€ and start recognizing itâ€™s because they are Israeli, things will change. Because then they canâ€™t hide behind the whole antisemitism thing.",-1
Never again. ğŸ‡®ğŸ‡±,1
"Itâ€™s immaterial whether or not one is Jewish, as many Evangelical Christians are Zionists. Anyone who supports Israelâ€™s barbarity, whoever and whatever they worship, deserves nothing but contempt.",-1
Save humanity ğŸ™ğŸ‡µğŸ‡¸,-1
"38000 Palestinians killed in 9 months... half of them are children just.. how do you even kill that much, without consequences?",-1
"ğŸ‡µğŸ‡¸ğŸ‡®ğŸ‡± Israel sentenced this little girl to having her mouth blown off.

Her crime?

Existing.

We have to cut all ties with that nation of satan.

This is so horrible.

Poor girl ğŸ’”",-1
Avoid saying â€œGazanâ€. Itâ€™s Palestinian in Gaza. The imperialists want to minimize the use of Palestine or Palestinian.,-1
"I always called them Palestinians.
Until, here, in Brazil, we didn't know what the right name was, they were always Palestinians
And now, with the clear annexation of the West Bank, we cannot make the distinction, all Palestinians are subject to colonization, from Rafah to Nablus",-1
"When I say free Gaza from Hamas, this is what I meant. Hamas terrorists not only terrorize Israeli Arabs and Jews but also Palestinians in Gaza who just wanted food because Hamas keeps stealing it from them. Where are all the human rights activists? Where is the UN and all the human rights organizations and where are all the anti-Israel protesters? Letâ€™s see if you really care about the Palestinians when they need you!

Free Palestine from Hamas!",1
"#FreePalestine 
...and see what happens.",1
"GRAPHIC WARNING But world must see the pure evil of #Hezbollah! Today, they fired a rocket on #MajdalShams in northern Israel. They murdered 11 CHILDREN. Beautiful, innocent, children - bodies thrown, limbless, massacred. They were just playing football. Pure act of evil!",1
the UN stays silent again. My heart goes out to the families and communities affected by this attack.,1
Where is KÄ…mala HÄ…rris condemning the killing of innocent Israeli children???,1
"As a Lebanese, I would like to present my sincere condolences to the Israeli people and the Parents of the 11 children whose lives were cut short by the Freaking Hezbollah!",1
ğŸ˜ªğŸ˜ªğŸ’”ğŸ™ğŸ™ğŸ™ğŸ‡®ğŸ‡±ğŸ‡®ğŸ‡±ğŸ‡®ğŸ‡±,1
"This was a tragic event. My heart goes out to the victims' families. However, I am not convinced that this photo is genuine. I won't go into details, but some artifacts in the image suggest it might be AI-generated.",-1
Atrocious and heartaches which will never heal. Baruch Dayan Ha Emet. May their memories be for blessings. Tragic losses.,1
"This proves that there were no babies beheaded on Oct 7 or baked in ovens. The Jewish community would have shoved it in the faces of everyone everyday hundreds of times. 

The first opportunity they get they do it. Like this photo. 

Turns out even Israelis are saying it was iron dome. 

Yikes",-1
Idf is using Jews as human shields!,-1
"Unbelievably sad and made me sick to my stomach just looking at it.  Random attacks on civilians is wrong.  War is wrong, but how else do you put an end to these kinds of acts.  Violence begets violence.  When will people grow up mentally?  When will people stop thinking they need to have power and control over others if people simply want to live their lives, grow and prosper?  Why not create rather than destroy?",0
Head up. God is on the side of love & peace. They crossed the red line of being human. God hates that shit.,1
"Nothing will be achieved by removing the leaves, the roots should be uprooted.

Stad with Israeli Brothers and Sisters ğŸ¤",1
Israel MUST respond forcefully.,1
How many kids in gaza have the Israelis killed?,-1
War is sad. How many families in Gaza cheered on Oct 7th?,1
Would have been ZERO dead if the Palestinians would not let terrorists live within their communities & then allowed the terrorists to launch an attack on Israel. There would still be peace if someone had alerted Israel on Oct 6 that this was being planned.,1
"Her cries broke me ğŸ’” 

Devastating night for all of Israel 
#MajdalShams",1
"#ISRAEL #MAJDALSHAMS

Video from the moment of the fall on the football field in Majdal Shams - 12 children killed, more than 20 in serious condition. This is the most serious event since the beginning of the war in the north.

All the victims in Majdal Shams are between 9 and 20 years old. Some sources write that the Druze have already announced that they will not leave the Hezbollah attack without consequences. I note that until recently, the Druze of the Golan Heights considered themselves exclusively Syrians and even sent their children there to study. In recent years, the situation has begun to change and many have accepted Israeli citizenship. However, they continue to maintain close ties with the Druze community in Syria, where over 800 thousand of their brothers live. The Syrian Druze have always been loyal to Assad, but now, on the contrary, they are demonstrating against the Syrian regime. In a word, Hezbollah carried out this attack in vain. It can lead to serious consequences.

The world/international community is still blind, deaf and dumb towards Israel.

#Druze #DruzeVillage #Hezbollah #drone #killed #wounded #kids #children #teenagers
#IsraelUnderAttack #terroristattack #terror #rockets #internationalcommunity #worlcommunity
#internationalcommunityBLIND 
#condemn",1
"Terrorist attack by the Hezbollah Terror group at the Football ground #MajdalShams in Israel. 9 kids killed and 30+ injured.

This is the major escalation by Hezbollah.",0
ALL EYES ON NORTH ISREAL,1
"#WATCH : More video of the soccer field in Majdal Shams after Hezboallah attckk at Majdal Shams in the Golan.

More than 11 civilians hurt, including 5 critically.

#Hezbollah #Rocket #Strike #MajdalShams #Golan",0
"Shalom,
Todayâ€™s ter*rorist attack by H*izbullah ter*rorists that targeted #MajdaÅ‚Shams football field in Northern Israel, in a Druze community, ended up mur*dering over 12  children & injured others, proved that the so called â€œresistanceâ€ wing targets anyone inside Israel ğŸ‡®ğŸ‡±, be it Jew, Muslim or Druze, old or young, that included H*outhis ter*rorists who in their last attack targeted a civilian building in Tel Aviv, & not to forget H*amas ter*rorists who invaded Israel on October 7th, mur*dering not only men & women, but even children.
I hope & wish for the silent world to break its silence & support #Israel ğŸ‡®ğŸ‡± in the wake of this massacre, & hold Iranian ğŸ‡®ğŸ‡· regime accountable for its crimes.
My family & I, send our condolences to the families of the victims, may their memory be a blessing. 
#MajdalShamsMassacre",1
"Today they will tell you killing children is not allowed. Tomorrow they will visit Aurangzeb's tomb. They don't believe their own lies, they want YOU to believe them. #Israel #Hezbolah #MajdaÅ‚Shams #Paris",-1
"#ISRAEL #MAJDALSHAMS

Hezbollah drone explodes in Druze village, many wounded, some are hopeless.

Around half past six in the evening, a drone launched from Lebanon exploded on a sports field in the Druze village of Majdal Shams in the Golan Heights.

Majd al Shams in northern Israel. A direct hit by a rocket on the stadium. At the moment, 10 people are dead and dozens are wounded. Some of the victims are children and teenagers.

The world/international community is still blind, deaf and dumb towards Israel.

#Druze #DruzeVillage #Hezbollah #drone #killed #wounded #kids #children #teenagers
#IsraelUnderAttack #terroristattack #terror #rockets #internationalcommunity #worlcommunity
#internationalcommunityBLIND 
#condemn",1
All eyes on MAJD AL SHAMS,1
"Dear world leader: If your statement condemning the massacre in #MajdalShams cannot even mention Hezbollah, and yet you also call on â€œall sides to â€œexercise restraintâ€, better you say nothing at all!",1
"#BREAKING #ISRAEL #MajdalShams

ğŸ”´ ISRAEL :ğŸ“¹ xHEZBOLLAH STRUCK A SOCCER FIELD IN THE NORTHERN DRUZE TOWN OF MAJDAL SHAMS

At least 11 civilians were injured, 5 people in critical condition, 6 seriously wounded.

#Ultimahora #Attack #Ataque #AÃ©reos",0
"Rockets launched from #Syria ğŸ‡¸ğŸ‡¾ landed in the #Druze town of #MajdalShams in northern Golan Heights.
ğŸš€ğŸš€ğŸš€ğŸ’¥
#IsraelPalestineWar",0
"ğŸ”ºğŸš¨Moment rockets fell on Majdal Shams in the occupied Syrian Golan just moments ago.
#MajdalShams #GolanHeights #Syria ğŸ‡¸ğŸ‡¾",-1
"ğŸ˜‰ Welcome to #Paris2024 #OlympicGames 
#FreePalestine ğŸ‡µğŸ‡¸
#BanIsrael",-1
LibertÃ©. #FreePalestine #Paris2024 #CeremoniaDeApertura,-1
"An honest Jewess, Ashkenazi are genetically European with high levels of genetic diseases from inbreeding. 
#FreePalestine 

90% of American Jews are Ashkenazi
80% of Global Jewry are Ashkenazi 
#Israel was founded for EUROPE'S Jewish population",-1
All eyes on Majdal Shams,1
Good. Let this be a lesson. Donâ€™t support a genocide. #FreePalestine,-1
"Dishonest Jewess. 

Palestinian DNA traces back to #Palestine 12,000 years.

Ashkenazi DNA traces back to Europe, they mass converted to Judaism 780 years AFTER Jesus.

There's Israelites then there are Jews.

#FreePalestine",-1
"This was the guy who also disrupted pro-Palestine protest here in Japan. What a delightful individual.

I hope Israelâ€™s athletes are booed into obscurity in Paris. They shouldnâ€™t be competing imho.

#FreePalestine",-1
"Despite the shameful refusal of the IOC to #BanIsrael from the Olympics, the Palestinian team, whose people are undergoing genocide by that apartheid state, are representing their nation with resilience, dignity and courage.  #FreePalestine",-1
Could someone please explain to me why our mainstream media fail to cover the most important story in 100 years: ISRAEL'S GENOCIDE OF A DEFENCELESS CIVILIAN POPULATION!!!! #IsraeliNazis #GenocideInPalestine #FreePalestine #auspol,-1
All ğŸ‘€ on #MajdalShams now!,1
"Just ordered my belal Muhammad Palestine shirt! 
@bullyb170
 #FreePalestine you got this belal inshallah ğŸ¤² ğŸ‡µğŸ‡¸ğŸ¤ 
#UFC304",-1
"70 million Americans have a record there are more than 40,000 legislations in the United States to ensure only the chosen ones at the top advance in society. 
Americans should listen to their reality. USA is hopeless in the Israeli dictatorship. 
#FreePalestine and yourselves.",-1
"The #ICJ has confirmed that Israel is a genocidal apartheid state. Neutrality is not an option. Silence is not an option. Boycott, disinvestment, arms embargo, and any other legal means to bring the regime down are an obligation. #BDS #StopGazaGenocide #FreePalestine #Gaza",-1
"#StopGenocide
#FreePalestine
âœŠğŸ¿",-1
ISRAEL KILLS A CHILD IN GAZA EVERY 10 MINUTES #FreePalestine,-1
"A little reminder for everyone to speak up and stand with people against cruelty 

#freepalestine #Bangladesh #Iranians",-1
"ğŸ‘ğŸ½ğŸ‘ğŸ½Well done Kanye West. It takes a lot of courage to say the truth ğŸ‘ğŸ½ğŸ‘ğŸ½
#FreePalestine ğŸ‡µğŸ‡¸ 
#CeaseFireNow ğŸ‡µğŸ‡¸",-1
"There are no moderates in the Zionist regime; they are all psychopathic maniacs.

#FreePalestine",-1
"Terrorists Israeli killed Palestainian family in barbarian way.

#GazaGenocides #FreePalestine #Gaza",-1
"BREAKING :

Israel is dropping bombs on civilian homes in South Lebanon.

This is not â€œvictimâ€ behavior.

This is terrorism.
#FreePalestine",-1
#IsraeliNazis,-1
"Quds is ours.
#FreePalestine",-1
"Giving Netanyahu a standing ovation is an insult to humanity
Shame ğŸ˜¡

A bloody killer of humans ğŸ¤¬

#Palestine #GazaGenocide #Gaza #FreePalestine #IsraelTerrorists #NetanyahuWarCriminal #Israel #USA",-1
"The Rats keep proving they are Fiflty MF.
#FREEPALESTÄ°NE #Isreal",-1
"During their 2-4 loss against Paraguay at the Paris 2024 Olympics, the Israel Olympic football team were met with a full crowd of boos during their national anthem and throughout the game!
Palestinian flags were present! ğŸ‡µğŸ‡¸
#FreePalestine #PARIS2024 #Paris2024Olympics #Olympics",-1
"John Oliver has just said out loud that Israel is committing genocide, on HBO and his YouTube channel with 10 million subscribers.

HE JUST DID.",-1
"Oliver, like many others alike, are trying to save Israel (a settler colonial entity, an apartheid state) by throwing Netanyahu and his gang under the bus. It is not BB, Smotrich, or Ben-Gvir, it is the whole Zionist ideology which has to go for us to  have peace in Palestine.",-1
"Never Again does not mean that Jews will not fight wars if attacked. We learned last time. 

Wars suck. 

Also, where are you on Syria, Yemen, exactly? 

You criticise Israel because it's safe and popular with your audience",1
The only thing Zionists can do is deflect ğŸ˜‚ itâ€™s wild.,-1
"we demand that Jews have all the same human rights as other people and demand to be treated equally. This includes statehood to protect those rights 

Jews should be judged by the same standards as other people and Israel judged by the same standards as its neighbours",1
"No more double standards and special rules, Treaty of Ummar style. Jews are real people, not props in your games",1
Getting rolled in a war isn't genocide.,1
"You need to understand that Israel isnâ€™t going to stop existing. Its Jews arenâ€™t leaving, and theyâ€™re not going to live under Hamas.

Proceed accordingly.",1
"Sigh, when you pepper the whole region with tunnels and then hide hostages and terrorists there, youâ€™re the one whoâ€™s responsible for the consequences.",1
"Oh yeah? So decades of occupation mean nothing?  What would you do for your family if you were living under occupation? Would you just sit back and let it happen? Or would you fight for your liberation? Any self-respecting person would fight. If you don't fight, then you're a coward, and don't deserve your freedom.  
#Gaza #Palestine",-1
"I've heard ""Nakba"" described more often as a genocidal attempt by the Arabs to wipe out the fledgling Jewish state that went wrong.

And that Judea and Samaria (called the ""West Bank"" by the Islamic colonizers) are lands that have been inhabited by the Jewish people for thousands of years.

Did I get this right?",1
"Correct; Nakba can be roughly translated as ""Fucked Around, Found Out, And Never Stopped Crying Victim"".

And BTW, if the borders of Israel as established in 1948 are illegitimate, then so are ALL the borders of all the Levant countries established after WWI. Be consistent.",1
"There are two MILLION Palestinians living successfully in Israel (out of 10M pop). Doctors, lawyers, the whole gamut of success. You'd rather have the kidâ€™s rocks turn into grenades, eh? These children have parents encouraging this self-destructive violence, and stopping that practice is always an option.",1
"Israel is an apartheid state that is even bigoted against its own citizens. If you were born in Russia, a European Israeli thinks he's more important than you. 

Not one citizen there is free. 

Get real.",-1
"American woman learns the Zionist Jews literally have a Zionist playbook they download. 

This is why all their talking points are step ford wifeish.

Programmed insane bots.

#FreePalestine",-1
"This world is sick, and our only console is that in God we believe, he is our witness, and he will not disappoint. All those acting almighty and untouchable will face his judgment and be sent to eternal hell. Amen ğŸ¤² #FreePalestine",-1
"Block the barricade until Palestine is free 
@macklemore
 
#ArrestNetanyahu #LetGazaLive #FreePalestine",-1
Israel uses US Tax payers to murder Palestinian Children,-1
ISREAL KILLS,-1
Netanyahu prime minister of genocide,-1
"Before Oct 7th, when Jewish Israelis were protesting Netanyahu for 7 months, a Jew ran over other Jews.
Jew on Jew violence. 

These genocidal maniacs will eat eachother alive.
 
#FreePalestine",-1
"Have you ever seen such animals as the members of Israeli Knesset and the occupying Zionists anywhere in the world? They were rejected from Europe after WWII and no country wanted to have anything to do with them. They have become the world's biggest problem ever.
#FreePalestine",-1
"This is one of 6 intersections closed down around the Capitol during Netanyahu visit. Iâ€™m sure old at least 5 arrests made at Independence & 4th
#ArrestNetanyahu #FreePalestine",-1
"Video shows Israeli occupation forces  storming the north-western Palestinian city of Qalqilya, after an Zionist special force was unveiled in the city.

#FreePalestine",-1
"The founder of the KKK was Rothschild and 1 of his agents, Jew, Yehuda Benjamin. 

Just to take the piss, he had Christians burn their own cross and tell them it's the 'light of Christianity'. 

At the peak of slavery, 1% of white skinned males owned slaves, 78% were Jewish. 

Keep Zionists away from your history books. 

""I'm not white I'm Jewish"". Reality check, if darker skinned Jews went to the US Christian churches with their natural color, claimed to be chosen demanding 1 billion like Rothschild? They would had been hung. 

I'm not white I'm Jewish grift is over. 

#FreePalestine",-1
"Jeremy Corbyn: â€œWe said it to the Tories, and now we will say it to Labour: a government that sells arms to Israel is a government that is complicit in crimes against humanity.â€

#Gaza #StopArmingIsrael
#FreePalestine",-1
"Scott Ritter, former US intelligence officer: I used to love Israel and Israelis, but Israel is an evil force, a cancer that threatens the entire Middle East region. Israel should be eliminated as a country. 

#FreePalestine 
#GazaGenocide #mondaythoughts",-1
This is what #Canada and #USA supports . Shame on you politicians. #FreePalestine #PALESTINEFROMTHERIVERTOTHESEA,-1
#FreePalestine #BoycottOlympics,-1
"As a Christian I just want to use this opportunity to thank Muslims who have shown sincere respect and veneration for Jesus Christ. You made your voices heard more than many Christians as Christ was mocked and blasphemed for all to see. The Christian world needs to realize who our allies are, and who the ones are who hate Christ and Christianity. The group that shall not be named, apart from the â€œchosenâ€ ones, are the driving the force behind denigrating Christ because of their open hatred for Him and His followers. Yet, many Christians will bend backwards to be their goy and even deny Christ to please the â€œchosenâ€ people. I also thank the non-religious friends here on X who show more love and respect for the Christian faith than many within the church. That makes you my brothers and sisters. We have a lot of work ahead of us as we remain focused on Gaza. We are all united because the fire of goodness, and true liberty burns within us, to be the voice of Palestine who is going through hell right now. #FreePalestine",-1
What I donâ€™t understand is the lack of willingness by the international community to demand Israel stop killing Palestinians and razing Gaza to the ground. After years of oppression and colonization and thousands murdered in a Palestinian genocide. #FreePalestine,-1
"What I don't understand is the lack of willingness by the intl community to demand Hezbollah stop its rocket fire. 

After 12 children were murdered in Majdal Shams, isn't it essential that the illegal rocket fire from Lebanon cease?",1
"I'm trying to understand it. Is there any other border in the world where a ""militant"" group or cartel or terror group can launch 6,000 rockets and missiles and no one seems to care? Why is Hezbollah tolerated by the intl community? Why is it appeased? If the intl community had done more about Hezbollah, the twelve children in Majdal Shams would be alive today.",1
"Free free Palestine, Free Free Palestine ğŸº
#FreePalestine",-1
Israel's main targets are babies. Shame on the terrorist state and shame on the arseholes in power for allowing this horrific genocide to continue!!!  #IsraeliNazis #GenocideinPalestine #PalestinianHolocaust #FreePalestine #auspol,-1
"This is the daily tragedy of the Palestinians, Apart from the events of October 7
O Allah, take care of the Zionists And the hypocrites who blame whom are defending these people.

#GazaGenocide 
#FreePalestine",-1
"Zionist always making trouble in every place. 
- Saoirse Don Phalaistin - (Freedom for Palestine)
#freepalestine #saoirsedonphalaistin #palestinemerdeka",-1
"Irish people always stands with Palestine

Once again they came to streets of Dublin for Palestine and chanted #FreePalestine",-1
"Every single damn accusation by Israel is a confession. Israel is the terrorist entity. Israel is the rapist, child murderer, and oppressor. Yet, even when they confess to all of this their supporters will still give them a pass and believe Israel is the victim. #FreePalestine",-1
Why are so many countries babying Israel and letting it do whatever it wants #FreePalestine,-1
Come on Axelsen! Humiliate the zionist! #Badminton #Paris2024 #StopTheGenocideInPalestine #FreePalestine,-1
"""bring them home"" yeah!! bring the palestinians BACK to their ORIGINAL homes!! #freepalestine",-1
"fight me if u want but being Israeli isnâ€™t an excuse to support genocide. Iâ€™m a proud Serb but my heart still goes out to all the losses during the Yugoslav war 

#FreePalestine ğŸ‡µğŸ‡¸",-1
"Out of the ashes, we always rise. 
Team Palestine ğŸ‡µğŸ‡¸ #Olympics  #Paris2024",-1
I just wish I wake up someday and someone tells me the genocide is over. #freepalestine,-1
"""Netanyahu, war criminal!""
""Netanyahu, son of a dog!""

#FreePalestine",-1
"Iâ€™m boycotting genocide.
Boycott the #GenocideOlympics.
#FreePalestine",-1
Who says Boycott don't work... remember this is for life!!! #FreePalestine #FreeGaza,-1
"Palestine will always conquer ğŸ‡µğŸ‡¸ 
@bullyb170
 #ufc304",-1
"BREAKING:

Israel bombed one of the most densely populated areas in Beirut, Lebanon, deliberately targeting civilian zones.

This is not â€œself-defenseâ€. This is terrorism.",-1
"You would be fooling yourself if you believe that israel's attack on Lebanon is done by keeping the Washington in the dark. This also means US gave the go ahead to escalate the matter. 

If you dont want to escalate things you dont bomb a densely populated residential area.",-1
I thought Lebanon has been bombing Israel for the last few months?,1
Orwellian Zionism: bombing densely populated areas and raping unarmed prisoners is self defense,-1
I don't think they called it self-defense. It is retaliation. Lebanon fired rockets at children playing soccer. It is terrible. Civilians should never be targeted - but that is the war the people of the middle east have chosen to wage upon one another. Shame on all of them.,0
"Hezbollah always claim responsibility 

Never believe an Israeli!",-1
"Hezbollah just bombed a soccer field killing 12 kids and dozens more wounded. 

Action. Consequence.",0
"Oh so Sarah, it wasnâ€™t terroism when Hezbollah killed several children?",0
"Palestinians started the war, and continue to complain that itâ€™s Israelâ€™s fault. Perhaps Allahâ€™s will is that the Palestinians and Hamas discover it (Allah) has chosen!",1
So what was Hezbollah doing targeting children/teenagers in a soccer field?,0
We stand with Lebanon,-1
"Israel just bombed a residential area near a hospital in Beirut, Lebanon and violated Security Council resolution SCR 1701 with absolutely no consequences. This is a war crime.

Lebanon has the right to defend itself under international law.",-1
"Correction: ""Israel just blew up Hezbollah terrorists in Beruit and were successful in sending Fuad Shukr, Hezbollah's 2nd in command to his judgment",0
"The targeted assassination was against the commander who ordered the Majdal Shams attack. Hopefully, the world has been relieved of his presence.",1
"Given your stated desire for truth & acknowledgment that Israel would never admit anything that makes it look bad, I assume you rigorously asked & saw sufficient evidence showing it was Hezbollah, which denies it & not an Israeli or errant Iron Dome missile? If so, what was it?",-1
Hezbollah started it by bombing a kidsâ€™ soccer field in Golan Heights.,0
"BREAKING: Big explosion in Dahiyeh, Beirut #Lebanon, suspected Israeli strike targeting Hezbollah Shura Council. Initial footage from area via Jadeed",0
"This is coming 
- As Israel expected to hit Hezbollah after Golan Heights attack 
- It hits Beirut suburb, despite US warnings to avoid Lebanon capital 
- Unclear who was hit
- Last time Israel hit Dahiyeh was January killing Hamas leader Arouri",0
"ğŸ‡±ğŸ‡§A SkyNews reporter gets a reality check after calling Hezbollah a Militia in the suburbs of Beirut, Lebanon:

â€œThey are not militias, They are freedom fighters! They are fighting to defend us. Stop calling them a militiasâ€

This man is a legendğŸ”¥ğŸ‘ğŸ»",-1
"Israel carried out a strike in Beirut on Tuesday, saying it targeted a Hezbollah commander whom it blamed for an assault that killed 12 people in the Israeli-controlled Golan Heights. It's Israel's second strike on Beirut since the Hamas attacks last fall.",0
"Breaking | After Israel targeted a top Hezbollah terrorist leader, Lebanon continues to celebrate. Everyone is happy. The Arab world shares in this joy, remembering how Hezbollah killed 12 Druze babies in northern Israel and committed genocide in Syria. Congrats",1
All non-radical Muslims and our Christian and Druze friends in Lebanon pray for Israel to destroy Hezbollah and bring freedom back to Lebanon.,1
"DEVELOPING & BREAKING ğŸ‡®ğŸ‡±ğŸ‡±ğŸ‡§

Casualties of the Israeli strike on Beirut, Lebanon has reached 17 w/ 6 children.

Hundreds of local residents gather at impact site. Fire & ambulance crews continue to work.

Israeli aircraft still spotted in skies over Beirut.",0
"Twelve children, Druse Arab boys and girls ranging in age from 10 to 16, were killed after a rocket from Lebanon struck a village in the Israeli-controlled Golan Heights on Saturday. A day later, a stunned hush of collective mourning fell over the town.",0
"This is Beirutâ€™s Haret Hreik following Israelâ€™s bombing.

Children are still missing under the rubble.

Only Israel can obliterate entire civilian neighborhoods in Lebanon, Palestine and Syria, while crying victim at the same time.",-1
"Israel is bombing on one of the most densely populated areas in Beirut, Lebanon and killing innocent civilians, while its parliament is debating whether itâ€™s okay to rape Palestinians.",-1
"A rocket from Lebanon struck a soccer field on Saturday in the Israeli-controlled Golan Heights, killing at least 12 people, mostly teenagers and children, according to the Israeli military.",0
"Israel beheaded a baby in Gazaâ€™s Nuseirat camp today.

This video could pressure Israel to agree to a ceasefire, which would bring all captives home and freeze the conflict with Yemen, Lebanon and Iran. But legacy media will not show it and our political class wonâ€™t discuss it. Theyâ€™re all complicit in genocide.",-1